time[s],xPos[m],yPos[m],zPos[m],speed[m/s],speed protern[m/s],acceleration[m/s^2],vx[m/s],vy[m/s],vz[m/s],ax[m/s^2],ay[m/s^2],az[m/s^2],aCourse[m/s^2],aCentripetal[m/s^2],Ekin[J],Epot [J],Pkin[W],Ppot[W],Curvature
0,-4.82378032280468,-1.01187013038766,1754.44,14.7533385118106,13.4305555555556,3.41842135565985,12.354301109266,6.01907416029235,-5.36684149184262,-2.66696902953479,2.10996957702239,0.3477199223133,-1.49895786426977,3.11738314764775,8701.33920254501,75804.216167832,-1544.38670960121,-4148.129120088,0.0141148466543932
0.1,-3.08568651774574,-0.533733681166092,1754.45,14.7533385118106,14.1666666666667,3.41842135565985,12.354301109266,6.01907416029235,-5.36684149184262,-2.66696902953479,2.10996957702239,0.3477199223133,-1.49895786426977,3.11738314764775,8709.34126247108,75710.6438601398,-1544.38670960121,-4148.129120088,0.0141148466543932
0.2,-1.33994026269967,-0.411420322750071,1754.22,14.7533385118106,14.5583333333333,3.41842135565985,12.354301109266,6.01907416029235,-5.36684149184262,-2.66696902953479,2.10996957702239,0.3477199223133,-1.49895786426977,3.11738314764775,8712.85354469599,75509.541146853,-1544.38670960121,-4148.129120088,0.0141148466543932
0.3,0,0,1753.79,14.7533385118106,14.4055555555556,3.41842135565985,12.354301109266,6.01907416029235,-5.36684149184262,-2.66696902953479,2.10996957702239,0.3477199223133,-1.49895786426977,3.11738314764775,8711.51234114494,75220.8573146853,-1544.38670960121,-4148.129120088,0.0141148466543932
0.4,1.25571170915714,0.511494887519505,1753.26,14.7533385118106,14.2694444444444,3.41842135565985,12.354301109266,6.01907416029235,-5.36684149184262,-2.66696902953479,2.10996957702239,0.3477199223133,-1.49895786426977,3.11738314764775,8704.98388825647,74864.5416503495,-1544.38670960121,-4148.129120088,0.0141148466543932
0.5,2.52673951541342,1.10082740516231,1752.68,14.7533385118106,14.375,3.41842135565985,12.354301109266,6.01907416029235,-5.36684149184262,-2.66696902953479,2.10996957702239,0.3477199223133,-1.49895786426977,3.11738314764775,8692.97181776907,74460.5434405589,-1544.38670960121,-4148.129120088,0.0141148466543932
0.6,3.79776685570535,1.76799652042371,1752.23,14.5531724017077,14.475,4.56326666621159,11.7539648548887,6.75572852887644,-5.29143356643466,-3.70757195096136,2.63730416901679,0.349198533056887,-1.89714788443974,4.09069174620667,8484.20197154497,74030.8059860137,-2330.87504861035,-4274.4412809105,0.0195954207097432
0.7,4.99987970826735,2.4462836262455,1751.72,14.2862305821102,14.425,5.32314752286357,11.346355940594,6.91157103771652,-5.25231157731216,-4.28360071966435,3.11823067938804,0.513129471754283,-2.08217985243242,4.76873793992417,8176.88140966228,73597.5195524473,-2793.81593164049,-4254.80429491249,0.0240034777902853
0.8,6.09479997265084,3.14681129297298,1751.21,13.9152270952196,14.0555555555556,6.20280170548014,10.7896136422934,7.12549339477281,-5.14248251748322,-4.80503371126403,3.80181863105202,0.965699294661309,-2.13584121018049,5.64799661781393,7767.96256064815,73187.9783496501,-3031.33023256557,-4139.59385169577,0.0300747529462821
0.9,7.08252223949136,3.88069561362696,1750.69,13.694470649798,13.5805555555556,8.07283858146209,10.2706926725357,7.51610100897384,-5.05565268065371,-6.07104969698438,4.9815797611662,1.87001107542924,-2.50947673359581,7.61217021932046,7486.75141744664,72793.2733426569,-3113.68876286156,-3953.8742478034,0.0409136761989597
1,8.01664896193135,4.63682054246718,1750.14,13.6536692932114,13.2138888888889,11.546779819145,9.831851417395,8.05075486179265,-4.99426961927116,-8.80136301978238,6.89252315030863,2.89089221664886,-3.33108803298026,11.2761381625135,7363.52605011063,72402.0624335662,-2786.03276756668,-3731.57298808456,0.0593053206603988
1.1,9.02734298150864,5.44854307730573,1749.65,13.391440877171,13.225,16.6379544946808,8.9315963652334,8.87492807426244,-4.55992618492721,-13.0758081690379,9.66455555407376,3.5271995174378,-3.51712524245764,16.5534723807315,7134.59090121249,72032.7856783214,-1727.39205633179,-3494.5206686555,0.0906814144693819
1.2,9.93083950279605,6.40481642550288,1749.3,13.0832717678717,13.1138888888889,20.4580210621944,7.43255516612847,9.94462394478743,-4.12717560217697,-16.7372915887889,11.2610010808158,3.40346157770436,-2.02251440852298,20.4560644200267,6853.68768265316,71692.6325034961,-38.8686322138607,-3255.14855233373,0.118931840338264
1.3,10.6429180030462,7.48340567157049,1748.84,12.9560329411488,12.8638888888889,21.7392067593468,5.42276689942065,11.1743701754826,-3.68589743589861,-18.3240905428221,11.4158183509728,2.54949165161999,1.45107254636364,21.697170631357,6775.54769278484,71386.3226853143,1828.36749925997,-3051.22152248695,0.129220065602866
1.4,11.1099779193648,8.59535036131939,1748.45,13.3048162279681,12.3472222222222,19.3245849161695,3.32228006565367,12.382667867968,-3.55670163170242,-16.4951607597103,10.0270371021881,0.898766179215312,4.97288215745766,19.0922002182974,7130.93504764304,71091.3183776221,3476.36103781004,-2926.51150015487,0.105490768488155
1.5,11.1788866459582,9.91856668981839,1748.21,13.9345797480313,11.725,13.5553558506809,1.7399813231734,13.3327203842537,-3.65835275835414,-11.4664862287193,7.15932854508719,-1.00567419608906,5.68233604107879,12.995568314241,7782.17141543763,70804.4913566431,4110.4976962172,-2911.73677376211,0.0633810462200581
1.6,11.2784214146214,11.3084997635723,1747.79,14.3456164687605,11.7305555555556,6.69632998670449,1.04007182447194,13.7891157545597,-3.81775446775545,-5.19366185496997,3.6696445586141,-2.09771796018951,3.70900368527924,5.83899332152638,8236.43672190011,70513.2006713282,3287.29629426424,-3007.88924739562,0.0270913661207997
1.7,11.3702991770037,12.7317877692405,1747.42,14.5734715179937,11.9833333333333,2.40837582207081,1.00877615993334,13.964805134682,-4.04384226884324,0.343446705056301,0.889738853257442,-2.21148891792958,1.4899952212042,1.48360125997949,8482.32924388627,70199.7746013985,1870.51225821903,-3141.63383050525,0.00890895784405405
1.8,11.5464013031857,14.1328399434243,1746.91,14.6524084705229,12.3472222222222,4.06131526043532,1.45290636698649,13.9114742414945,-4.36497668997859,3.79146749148749,-0.406536559731556,-1.39777821246433,0.406376447040683,4.00128842563264,8513.43918877639,69879.9274405591,953.350436034489,-3254.40646323402,0.018821906846993
1.9,11.7837573277705,15.4782917536638,1746.52,14.5168444167419,12.6166666666667,5.28630597682342,1.96347571799143,13.6547624612431,-4.5200660450676,5.14718804813822,-0.516432392792757,-1.08847768069739,0.549334819192239,5.27589686440102,8349.83137562003,69541.3475244752,956.235527212157,-3369.89223596917,0.0249488310125969
2,11.9828300137153,16.7681491650157,1746.08,14.4850428729477,12.7416666666667,5.81670527607799,2.42310307659536,13.5504571668527,-4.50889665889761,5.47905994135376,-0.547960754670407,-1.8744869802554,0.987437626063235,5.7949609359946,8396.60572512686,69182.6079440556,1209.10850711863,-3547.15928048644,0.0273204457610671
2.1,12.197215738098,18.1803201771417,1745.57,14.7300207601411,13.1194444444444,7.66390641016187,2.94440836972277,13.697052529422,-4.54914529914686,6.49743254388518,-1.85796974017659,-3.61480016681007,0.687482861412594,7.64577694076667,8806.20087347657,68834.9909370625,771.927818775546,-3834.79277389307,0.0351794516304794
2.2,12.5494224399048,19.5257715762379,1745.13,14.9016746517317,13.375,11.628342499963,3.60192441781045,13.6216247256751,-4.85153457653563,9.05850658606578,-4.60775958362033,-5.65069547455917,-0.182702374081718,11.616465333831,9103.47039992224,68455.8904615383,-113.837929093957,-4230.95574094876,0.052359326152698
2.3,12.9552270240585,20.8378676090238,1744.64,14.9651648694089,13.5916666666667,16.9651486071989,4.58736340836687,13.0261873001183,-5.76460761460852,13.2770791173867,-8.39263727524177,-6.41085617848489,-0.765859109039074,16.9502732242253,9026.4473607598,68014.9755524474,-512.333498727056,-4638.67426801656,0.0756748695957509
2.4,13.552448737823,22.1721993289923,1744.07,14.8444164878525,13.9416666666667,22.261785345706,6.02582917595271,11.8663106251931,-6.57546620046769,18.0202890844007,-12.2367945315829,-4.5953376029128,-0.431268831758436,22.2209119441372,8674.71411320081,67515.7220139856,492.311249800554,-4947.84550899008,0.101007173666217
2.5,14.1496716627908,23.3953394303421,1743.45,14.8835052091758,14.0472222222222,26.3058494874526,8.14102520374003,10.2799348982751,-7.0402680652698,21.8596657907553,-14.6261685621072,-0.477411736152603,2.08050023721179,26.1362300865926,8541.32608985879,66994.9367832164,3593.38409806498,-5060.57876831825,0.118380276594215
2.6,15.0301945236218,24.2181785245972,1742.58,15.3479579071397,13.6805555555556,27.8678293624995,10.5518868408573,8.75576982200156,-6.8959401709412,23.2788838309423,-14.6791049931958,4.38558520172806,5.65981160568979,27.3847795512649,9087.51897412943,66484.1947972026,7747.47353214724,-4912.50656723261,0.115839106150678
2.7,16.1787008490726,24.9631803372321,1741.77,16.077360496545,13.6472222222222,26.1192191638442,12.9978538754167,7.34876330964582,-5.9609557109563,21.2957518709738,-13.1256272266329,7.51148932544778,8.43212342247967,25.2759050072974,10263.462211231,66012.7476923071,10440.7745347629,-4551.7065639717,0.0956381633849541
2.8,17.6487937905526,25.6414697432264,1741.34,16.9418390581115,13.9138888888889,20.7401126358721,15.0027526575216,6.16950460500946,-4.88677156177249,16.1463828770286,-10.9955816986948,6.96733630912034,8.28452656613636,19.7388417134836,11626.0349296243,65583.8883356641,9879.27880649969,-4115.9373674341,0.0662436715123974
2.9,19.3945257971792,26.230803418489,1740.97,17.6957233905516,14.5694444444444,13.4728241193324,16.3558762359749,5.29408305878531,-4.19483294483448,9.42941426836907,-8.91151303767288,3.63153847361255,5.18850477566638,12.7063311415939,12748.677785786,65188.0125314682,6364.64730184258,-3778.05538396356,0.0397066325940329
3,20.9718134390742,26.7978996861817,1740.65,17.9233688866199,14.9138888888889,7.76504004380779,16.8399230794668,4.61074484104986,-4.0503302253306,3.33690143068965,-6.97776192551022,-0.686858234790764,1.49539333006503,7.53615456134133,13048.6961149886,64824.6629370627,1817.92893865812,-3628.41020131405,0.0237190835045711
3.1,22.6333249249149,27.2093239684475,1740.27,17.7430538579491,15.2722222222222,6.15934294127991,16.6839578120254,3.9004021615606,-4.60959595959704,-1.20100832341181,-4.7094864658311,-3.78362547083401,-1.18161613416308,6.11804111900046,12626.1683220808,64484.9671048949,-2082.00735565553,-3688.27802533153,0.0192015014129635
3.2,24.2642045781107,27.5206715583772,1739.63,17.460785531677,15.5888888888889,6.18381776769105,16.2551577481924,3.42400168859973,-5.37820512820663,-3.89101030809309,-2.09712806064884,-4.32454562509914,-2.70155445384278,5.58029618830745,12030.3513431271,64117.1538461532,-4437.76303427605,-3908.65403948111,0.0182448820743425
3.3,25.8874309691072,27.8320203269618,1739.01,17.233572207843,15.8944444444444,6.03458952550155,15.9105690400262,3.33099495186534,-5.72313519813617,-5.2677919646797,0.32386228833431,-2.92604712476472,-3.82907385700413,4.5649857793431,11699.5693456759,63700.0939300695,-5511.24555461422,-4171.08457658949,0.0157044806478618
3.4,27.464712820744,28.1989660907609,1738.49,16.9690311778834,16.0805555555556,6.23464182961208,15.5659500766994,3.57377520172929,-5.73387723387821,-5.78379956566089,2.23602319419139,-0.647009739376285,-4.61602172893664,4.08762063555155,11431.8434170464,63261.6852587409,-5766.32325399394,-4350.18642867665,0.014554138998126
3.5,28.9424602289718,28.5881513324235,1737.94,16.4238171206886,16.0416666666667,7.15209581202077,14.9174722354373,4.07218537167768,-5.5342657342664,-6.14837566902914,3.46810271471214,1.14987594853612,-5.11203848880744,4.71772597091943,10822.9224860461,62809.2270209785,-6203.20424927978,-4401.83892871654,0.0185434882398023
3.6,30.4508337861421,29.0106954440469,1737.39,15.82070299202,16.1583333333333,8.46003564034246,14.1691796812628,4.56074443998883,-5.35990675990828,-6.80199031820533,4.85873006262849,1.30302452985958,-5.1327230475916,6.45071573890979,10100.376390627,62362.9703496498,-6687.19957286045,-4365.5883221667,0.0268688482437912
3.7,31.8596656681004,29.5333133391881,1736.89,15.228754802041,16.0222222222222,10.5258261680235,13.4080512967382,4.903550659368,-5.30040792540864,-7.32239310067289,7.52275582979246,0.764016049563511,-4.29059404874977,9.64215256669085,9343.3447980233,61950.1179860136,-5732.44534982338,-4281.51172021396,0.0414447159899551
3.8,33.107708799371,30.0670510909432,1736.35,14.8689584673452,15.5666666666667,14.153944241463,12.7754712163589,5.57816750416807,-5.17274669774826,-7.66198541230422,11.8683793571373,0.877318965460812,-2.43593489745341,14.08089896275,8903.7823233159,61549.2114125872,-2426.34515929602,-4172.44590835636,0.0630648597600155
3.9,34.3251210117686,30.6675040067962,1735.79,14.7566613043469,15.2194444444444,19.0048090202168,12.0110938382808,6.82130469756443,-5.19254079254157,-8.2926729412677,16.9518577141297,2.24696716130469,0.295611931151196,18.8913736924262,8659.24968594519,61127.6878321678,2408.83822971675,-3977.36989811969,0.0872639257554066
4,35.47362493172,31.3680333094565,1735.3,15.1381485572966,14.8638888888889,23.0305451755975,11.0664500437227,8.95248049882431,-5.15270007770119,-9.52566301618937,20.5750900290327,4.041463285054,3.82863002976762,22.5252980270921,8997.04799057661,60713.4085594402,6396.94355912257,-3707.12939116796,0.0990998697076603
4.1,36.6068141714961,32.2464744480374,1734.89,15.9062081902015,14.7277777777778,23.9107796031554,10.1881720745695,11.3511914014267,-4.51210178710208,-11.045865982803,20.4941342273556,5.45020074784036,6.00418372495902,23.2774425801533,10038.69955435,60360.0107412587,7554.97256401912,-3359.00748072485,0.091478161704142
4.2,37.6098328269216,33.5808084223452,1734.4,16.6579269337774,14.8611111111111,20.8149683071611,8.98516842638323,13.5261967584882,-3.71419968920041,-12.1364559550402,15.8320596433376,5.94266185554004,4.98424686851408,20.5319007097568,11113.4737370687,60049.7128951048,5033.77552017141,-2951.68204802245,0.0728302323069458
4.3,38.352523385804,35.0930546461607,1733.88,16.9933486940396,14.825,15.6427513884399,7.64216965367134,14.8819945697311,-2.98284770784854,-12.3701245691914,8.34087815686207,4.70164234237431,0.916242586358946,15.6378958602934,11635.5988924404,59791.7716363633,42.85885054815,-2604.47830537813,0.0540765450499751
4.4,39.0645855615431,36.8054487401555,1733.73,16.6532300243479,15.1611111111111,11.9118067085685,6.38850196896039,15.1166022887599,-2.82939005439182,-11.7767315781185,0.831301610025463,1.5838781621112,-4.03228839540651,11.1294329726703,11149.1594539472,59536.8305454543,-5400.18897276214,-2406.70973022363,0.0404159518111027
4.5,39.7077415836887,38.1731449053341,1733.7,15.7634161758823,14.9194444444444,11.0705292259716,5.25992521473565,14.6008627055845,-2.76283993784085,-10.2515446086278,-3.80886205998178,-1.71901724495022,-6.64739541936009,9.1077236532711,10004.4784752968,59301.9759440555,-8540.11755008022,-2388.16031004037,0.0356263049173099
4.6,40.0829094654407,39.5519557820095,1733.27,14.8273074371435,14.5666666666667,9.62790438860088,4.43373593670002,13.8388236576826,-2.94584304584441,-7.92149258422367,-4.70407022534684,-2.79610827206939,-6.20366907114746,7.65482072505192,8844.30882558011,59068.4933706291,-7949.53260220279,-2473.88405627037,0.0334903168395314
4.7,40.5652708628339,40.8529284932282,1732.91,14.4116738396645,14.4083333333333,6.48924702189654,3.73182145513042,13.4458322032528,-3.60270007770144,-5.66060698661136,-2.60347847985202,-1.81376824850012,-3.4413661402927,5.49667653807089,8216.62193124546,58813.1132307688,-4584.47145438479,-2566.98629957445,0.0264885495316058
4.8,40.9174680934491,42.1427828376223,1732.39,14.3961248662301,14.1361111111111,3.18761714088889,3.30183355217178,13.440188420782,-3.96328671328742,-3.18111659671365,0.0792451219030538,0.18740449742785,-0.707217115151834,3.07963016223275,8103.43644835001,58553.2145454541,-836.978439921716,-2608.22250965801,0.0149973367886212
4.9,41.2007549166627,43.59942698578,1732.21,14.5752336016713,14.2416666666667,1.96904161533629,3.17966297868819,13.7540289152088,-3.62682595182726,-0.275789643205572,1.17886188504549,1.55285208941923,0.665873243855191,1.89258492030215,8405.07835367337,58269.0035244751,1125.19216849206,-2584.29179747973,0.00872273162570499
5,41.5299812544714,44.989356454965,1731.77,14.683946383315,14.3611111111111,3.43944406620742,3.22626153651213,14.0220399546023,-2.93119658119816,2.96654750198238,-0.134864155542671,1.73527607676742,0.176611392677786,3.4354920234386,8706.53747959767,58005.5375664333,774.439125719587,-2559.58751169561,0.0159304983692566
5.1,41.8438946117594,46.3570470491545,1731.38,14.674017802797,14.3527777777778,7.1023090163327,3.54116967176081,13.958625798684,-2.81845376845514,6.42566244100365,-3.01647151134002,0.233570501198015,-1.36361724718767,7.04730471758532,8721.82951581295,57769.9878041956,-604.910126185606,-2562.65995174937,0.0323702167171582
5.2,42.3262562414016,47.7136182471784,1731.29,14.3950760148139,14.4138888888889,11.7133617229393,4.46736696442031,13.3346624727769,-3.07369852369956,9.53037267180739,-6.06073338754563,-3.1052134216469,-1.99357558712043,11.6568301374358,8380.69484639591,57517.4614825171,-1585.4495014704,-2689.79026553866,0.0557019812493348
5.3,42.7243936123698,49.0590708756626,1730.97,14.1487224103339,14.4138888888889,15.1313165016769,5.60099849190261,12.4720888862772,-3.64172494172625,11.8714683756025,-7.63790270510557,-5.44861633337595,-0.630881200179804,15.1290441883796,8039.14147182607,57252.6966713283,-985.881104279616,-2942.14721763109,0.0755204298191974
5.4,43.290976632166,50.3822820920265,1730.59,14.0880232226518,14.5333333333333,15.6206328027258,6.86142395191486,11.5473085582436,-4.24887334887501,12.8418521362172,-7.17843768472601,-5.24986050058768,1.95398239014344,15.5658083141315,7912.28170728263,56923.3367832166,946.220920878593,-3272.4907584727,0.0780861188389142
5.5,44.1408595801641,51.3385557844554,1730,14.4329536876129,14.0888888888889,13.6156469737973,8.1740355264888,10.8847704024826,-4.7976107226116,12.1392031595051,-5.56946293823966,-2.64701185243152,3.55459361248568,13.4024760849133,8224.82007229478,56595.8611468529,2708.59811139011,-3538.34443607736,0.0630956589446184
5.6,45.0596532605807,52.3281885583675,1729.51,14.8665560316438,14.0055555555556,11.5196652739949,9.35733918610561,10.3209426862428,-5.18968531468616,10.2916462947721,-5.14911611065952,0.520872198465338,2.72124424886092,11.3636641654681,8616.33546952706,56217.2180139855,2492.01570999012,-3624.27507033796,0.0506466226155883
5.7,45.9937574828236,53.3845358595522,1729.06,15.1207549325828,14.1194444444444,11.5930751542776,10.2961048753623,10.0850220523953,-4.57381507381602,8.19026117588644,-7.52046926360243,3.2804809797813,-0.431236649758548,11.586834883595,9114.94858256218,55847.5936783213,21.5291202715304,-3523.41719106109,0.0506700149782586
5.8,47.0656842695951,54.3296919082057,1728.54,14.99491661647,14.2527777777778,14.3621747060477,10.9068592210795,9.47057017132446,-4.02445609945743,6.15005726585569,-12.0383314444839,4.85050862760626,-4.43168272434623,14.0028233064602,9035.43621885573,55502.8487832163,-3256.23807871117,-3258.06655484368,0.0607582471790498
5.9,48.1912059517325,55.386042399551,1728.28,14.4160925609682,14.5333333333333,18.3821190694581,11.3863655040195,8.12343920506826,-3.49057886558059,4.77684656123234,-17.0883199094664,4.80347385606616,-7.01937164275912,17.7151855204527,8379.10882686626,55194.7644755239,-5442.0885071225,-2919.42823251306,0.0817478152170272
6,49.3550148036834,56.0643338496932,1727.82,13.5693481391933,14.2416666666667,20.6085888930697,11.8378118328929,5.79610209511979,-3.22468919969009,4.33012556334853,-19.8547922450566,3.42799849399497,-5.51798216466223,20.1107711544551,7382.22784686193,54928.4446993005,-5214.02121692768,-2582.35070304957,0.10783918281488
6.1,50.5264835772883,56.687030991611,1727.75,13.0578003777975,13.8277777777778,19.3264092249123,12.2397463280435,3.42403137230745,-2.99512432012561,4.46099730361192,-18.7787184874685,0.984544846287456,-0.968484715189738,19.2014964956935,6831.32420206593,54682.6321678318,-2810.70686655791,-2386.58235349716,0.113204875870442
6.2,51.8281141436147,56.7203956323103,1727.23,13.1005562680275,13.1305555555556,13.9057503381706,12.6585125384524,1.70501904843791,-2.91196581196671,4.48987164254838,-13.1418969255041,-0.708159798631102,2.78538164861952,13.8823230825481,6892.3313236681,54453.3571468529,757.831296775416,-2375.6575852118,0.0793821788773281
6.3,53.068496515043,56.7426431564254,1726.99,13.5516788697979,12.525,6.91607344840207,13.1731571513131,0.73196691141244,-3.09518259518427,3.92144932390449,-5.29200444969515,-2.10926433813969,4.00783215440399,6.13278195702489,7360.94628945784,54225.1980419576,3504.01772602745,-2476.26628914234,0.0306914907913415
6.4,54.362471801383,56.7760101388047,1726.68,14.026837679061,12.325,4.50695856665961,13.5949539359809,0.848477308462542,-3.34805749805857,2.57944880643478,2.01384717026083,-3.09895772016998,3.36153315810793,2.23136875427342,7887.03278800214,53961.9150209787,4158.4275120158,-2676.74715145013,0.0152584215791068
6.5,55.7789552080298,56.9984086660946,1726.37,14.3895917864507,12.7,6.62793818204632,13.7773163591788,1.42950359706824,-3.89902874902993,0.580009925779439,5.5791560647307,-3.53074647013963,2.06627723259472,6.11621471799893,8226.51308214229,53674.978237762,2472.53618123995,-2915.92019756476,0.0304144349255908
6.6,57.2030940819467,57.2541652973699,1725.97,14.4632352789452,13.1666666666667,6.05290164746285,13.6863550531206,2.34340036262065,-4.04689199689285,-1.48982192357516,5.18348199374441,-2.74764688605011,0.19886089867018,6.05260277064449,8341.8558208092,53356.4482237758,-52.2684542104375,-3113.4466689489,0.0289199944680635
6.7,58.5659759288387,57.4320845205114,1725.49,14.4090726658958,13.4222222222222,4.7007759155256,13.4224508404357,2.82962379213222,-4.41048951049094,-3.06526285241533,2.89779265503384,-2.07466999352189,-1.65127674873662,4.10616328311357,8233.14824410457,53053.7788531464,-2060.45251286196,-3298.00457984917,0.0211982125051628
6.8,59.8522920855007,57.7656752812684,1724.98,14.1166987411824,13.5694444444444,5.01446675186067,12.9530470525828,3.05164021009878,-4.71033411033498,-3.88727716564415,1.49249730382538,-2.79399442394784,-2.31193373226728,4.10728234851773,7901.94617075693,52691.8927552445,-2686.0286625945,-3549.40654930157,0.0223287565412685
6.9,61.0926654442031,58.0659073070465,1724.51,13.6405504418429,13.5472222222222,7.68065903269329,12.4697442374702,2.68261090469614,-4.83463480963596,-4.45782671571791,3.61717016482806,-5.10258602551711,-1.55531545035375,7.56124892392991,7522.86778386799,52325.7076363632,-1336.31290267557,-3953.77005754127,0.0404243269170067
7,62.3177281784738,58.4439768206384,1724.13,13.4227291347556,13.4833333333333,13.6741046113837,12.0983854775582,2.87574853990427,-5.05260295260437,-5.51861897208388,9.31380858402821,-8.35337962887489,0.165696734485239,13.5081472999711,7518.60280185169,51937.2407832165,1991.82977918348,-4530.42474350779,0.0758901407161308
7.1,63.5045054155746,58.7886860262389,1723.54,13.8115830703875,13.4194444444444,21.4796062920023,11.5735728090167,4.21105491164205,-6.25134032634119,-7.70895657118573,17.1603938258262,-10.3665982263006,3.46436203894906,20.5736111133953,7853.45516641994,51448.7622377619,6673.56592488065,-5244.42611015973,0.111126063655145
7.2,64.6529947254794,59.1222733719895,1722.8,14.7685973641772,13.3805555555556,27.8866342702691,10.7811030535481,6.53678064501605,-7.69088966589048,-10.6885893390449,23.6575269033481,-10.1852761220479,7.97253204060882,26.297286436422,8643.55455489713,50883.4318321677,10921.682205924,-5931.71649795396,0.122518581326211
7.3,65.6942927634748,59.600414179801,1722.2,16.0795774627992,13.1055555555556,29.8758083549392,9.57567950386775,9.42551420069002,-8.83282828282973,-13.4747087587715,25.657397407946,-7.25907066903627,11.0029505601891,28.2209787987432,9968.87581959394,50253.3417062935,12242.5525048456,-6504.28015257448,0.107428230015809
7.4,66.6054100199121,60.9792195922186,1721.16,17.2222382036867,13.6388888888889,25.7206120385217,8.03178199600248,12.0564177937343,-9.31336441336551,-14.6231016243428,21.0924782796115,-1.6799233745639,8.85459269941763,24.8538833228692,11407.8227825742,49572.2304335663,9058.04134855347,-6811.45084812684,0.0814159498033177
7.5,67.3021373992849,62.547053111423,1719.88,17.8089754161663,14.1972222222222,18.588101181278,6.35832850132942,14.0139610232743,-8.96326728826849,-13.1429447828206,12.4666103392525,4.167029470786,3.02034399963581,18.5478278312728,12460.8139789873,48877.106181818,2951.42446781739,-6783.00168288641,0.0578291641381825
7.6,67.8993353180919,63.9814586534886,1719.24,17.6227368457748,14.2583333333333,12.1467340010506,5.11294074158526,14.7431068289958,-8.1889860139876,-9.30004466388625,3.51666551608187,6.97749093800927,-2.99854546099394,11.5580867392979,12461.3095084271,48216.1179860136,-3533.9842748343,-6473.11944642844,0.0379017695598913
7.7,68.3127724613077,65.304664023398,1718.55,16.7052750883649,14.0472222222222,8.90437476258793,4.45359549088089,14.3230610702337,-7.35402097902285,-4.46175470554294,-2.56166121535969,7.26763556309066,-6.58522679116785,6.25404762687191,11324.4827811438,47586.0095664332,-7675.34978862326,-5983.42340293782,0.0214771717223946
7.8,68.6879269777434,66.6389913619478,1717.87,15.4584188409131,13.9861111111111,7.45835735492773,4.37540977985116,13.358217353518,-6.43245920746093,-0.390730144569021,-4.59745150302172,5.85985188083222,-6.52179373377063,4.30960074109752,9836.7915898118,47004.013594405,-8215.73981958271,-5456.1160963047,0.0151423902411493
7.9,69.1090203577266,68.0177940062909,1717.25,15.1390335722328,14.1888888888889,5.60230723747135,4.69030553136672,12.9792363022161,-6.22340714840827,2.03688247082783,-3.70224828723877,3.67835748707162,-4.05512480280915,4.04553095084911,9266.19760141479,46499.5646433564,-5927.8303126014,-5037.13222814426,0.0168657356609701
8,69.7215315617534,69.2965268722273,1716.59,15.365360809342,14.4361111111111,3.86357648587216,5.07869648795925,13.0349641563125,-6.35538073038138,2.81145565126023,-0.634609521795465,2.57297709628898,-0.673321740608097,3.78619998152901,9266.7942516608,46036.898517482,-1600.73011865014,-4706.60255203981,0.0161141230101354
8.1,70.2421621635289,70.5974967972851,1715.9,15.4934376700584,14.5388888888889,4.31111277373196,5.27084052067703,13.3342732287261,-5.87043512043638,3.35292038023836,1.76822972570067,2.05352913511488,1.88438860132482,4.03734400105489,9527.18862955574,45570.4090069927,2009.26145764729,-4480.59038486014,0.0161529875476267
8.2,70.8010766072227,71.8651076232265,1715.38,15.5436563589933,14.5055555555556,4.94641290803084,5.45751122858775,13.3971512895748,-5.68657731157808,4.76313404100913,0.927403698804544,0.958893708164692,2.12090393695132,4.582556227241,9639.01294502042,45110.1027692305,2747.88336990269,-4419.14407126698,0.0184956353221239
8.3,71.3523337117463,73.2105562376868,1714.79,15.5823136127075,14.6861111111111,8.43844975271993,5.97104610222458,13.2334537978237,-5.65957653457773,7.87958721471271,-2.96619749523531,-0.566755656500001,0.706181270958695,8.35480027892544,9744.37746502574,44653.4918601395,2022.99831847442,-4496.82494759368,0.0346316093939862
8.4,71.9265592573049,74.6338386553826,1714.3,15.8769616556303,14.9833333333333,14.491256614352,6.83215030718178,13.2809401816173,-5.38667443667545,11.8338113581036,-7.80523891451457,-3.00593953551415,-0.41686285518035,14.4347634877066,10337.1386750697,44235.0965034958,1788.56462757324,-4667.20612450469,0.0574634225099024
8.5,72.5850097643051,75.9459308995772,1713.77,15.9023322588525,15.1027777777778,19.9910287372065,8.29675968066879,12.1533730854491,-6.02855477855596,14.9295448525199,-12.2573341248856,-5.14856102414354,0.37335864944367,19.9031564422267,10249.8283053169,43759.6796643353,1954.34838900759,-4945.17476290618,0.0790383275146906
8.6,73.610979952406,76.9466808809675,1712.98,15.9079161434464,15.0972222222222,22.5748139568846,10.0033890447798,10.2290881822216,-6.95411810411915,15.6824988461589,-15.3629226889498,-5.25947350801647,2.28216227967142,22.4887277450353,10016.5416407539,43235.1076363634,1808.19170662043,-5306.05500546029,0.0887497141583087
8.7,74.7288286863354,78.003028967508,1712.41,16.3096689697358,15.2916666666667,22.4329639142404,11.8217495915917,8.51350359475186,-7.33292540792628,13.9820078025634,-17.1147855957115,-3.85038203292789,2.93197677189534,22.3906174512319,10538.4788841465,42691.2906293702,854.834582608279,-5617.13248047949,0.083609366076469
8.8,75.8849631998357,78.9815438122781,1711.8,16.6011504044502,15.3861111111111,19.9391184020158,13.0057431149854,7.00140327455984,-7.57820512820611,10.5420478433527,-16.9243349257305,-0.023605926577808,1.13196750127532,19.9390566049542,10842.1574123866,42120.6184615383,-564.703132022837,-5707.22475524473,0.0722318261799781
8.9,77.3090803836488,79.0705017996248,1710.58,16.4889996905556,14.8472222222222,16.6532748225308,13.6855622236488,5.53383968495266,-7.34636752136868,6.41749794033733,-14.3750054503181,5.43198866013463,-1.91808441461295,16.5494411316706,10665.9325917516,41539.2627692302,-1864.77054222037,-5478.46163822243,0.0608430675340358
9,78.748515689571,79.6820806747183,1710.08,16.0831064075344,15.0138888888889,15.2546032593318,14.0301910734281,4.15738768187072,-6.67354312354394,3.20544270940602,-12.1992842984711,8.57936595800691,-3.91708838325662,14.8835326986511,10177.7986600724,40994.3298461537,-3364.77476823815,-4983.00616884273,0.0569966436171654
9.1,80.180292908275,80.4159742703113,1709.64,15.6558342553284,15.3055555555556,13.7539760945445,14.2703546571322,2.86806975560172,-5.76509324009438,1.53882912775813,-10.2944821145356,8.99041163230981,-3.7938710739307,13.2592997157863,9718.11607381953,40520.1569790205,-3871.84364889987,-4375.50146413023,0.0539375791924457
9.2,81.4283122697649,80.5160562755325,1708.92,15.1397307973328,14.6777777777778,10.4445235027707,14.3597821283413,2.14554713382889,-4.29007381507538,1.36066530968008,-7.30023853338503,7.34460199538696,-1.82519976989297,10.1758661950277,9376.09342622031,40128.9460699297,-2358.62618634426,-3812.19137594332,0.0448660333034627
9.3,82.9749485146113,80.5271919122682,1708.53,14.9941593264172,14.6055555555556,5.1692655527223,14.4417128110263,1.77683654202495,-3.62002719502898,1.35988359563086,-3.46624279759283,3.58569154125551,0.0333330182120994,5.15733245239407,9224.8092657436,39784.6036363633,-348.927635298787,-3411.8510616649,0.0229919375491039
9.4,84.4526705682642,80.693999243444,1708.23,15.2906800614271,14.5944444444444,1.50412832915486,14.6833981230488,1.17302480756274,-4.10203962704091,1.26018913732071,0.61029063633015,-0.549427618483848,1.40435341311217,0.291920811365784,9365.8624853671,39480.7634685313,1421.82995799663,-3251.80007204896,0.00230404126942792
9.5,85.8844561461985,80.8608066558892,1707.93,15.5563969386053,14.5555555555556,5.85071300391937,14.8759642772595,1.49416813470564,-4.29821289821476,0.813416906722743,4.50332109387567,-3.64544849305861,2.21760820288493,5.25415735201943,9663.26253086839,39131.8476083912,2512.96717497462,-3334.68083133638,0.0223723971590775
9.6,87.3928055301512,81.1276892945714,1707.57,15.8122368205925,14.8444444444444,8.96498067425598,14.9239391934843,2.39555498140117,-4.64372571872732,0.013921051857468,7.62819042398963,-4.70971289458831,2.55195528975163,8.54340747836027,9977.65103813158,38778.0473286712,2873.30082339609,-3594.57515999206,0.0343726752735189
9.7,88.893487601593,81.4056848105747,1706.73,15.9819909310128,15.3444444444444,10.7389675405682,14.7419435838853,3.28283218498823,-5.22705905206019,-1.02151627247439,10.2213146159093,-3.1315580571094,2.18149067754575,10.5366432038483,10112.5212282864,38424.6495104894,2837.2602061952,-3901.26463298989,0.0411670801547944
9.8,90.3329242904331,81.7059236375919,1706.24,16.1923349071034,15.3944444444444,12.1780616995314,14.6270565086722,4.35604149681297,-5.40979020979127,-2.27455994393249,11.8237319823836,-1.82508241671764,1.73587462719075,12.0826962583573,10441.5800134651,38025.5540139854,2330.94068271302,-4161.18845615976,0.0459728877947709
9.9,91.7876694525728,82.1507152671582,1705.84,16.305185914522,15.5222222222222,12.7597241393869,14.3186549465609,5.55705406230674,-5.47305749805854,-3.40043905075699,12.2663669381646,-0.885334125425736,1.49158896377008,12.6979471854395,10625.2087349698,37584.8586293702,1762.57885490454,-4278.8148910302,0.0476652587401601
10,93.2117856847583,82.8290130644649,1705.31,16.333980346699,15.75,13.7992165574789,13.8963892982421,6.71611910859843,-5.34630924630934,-5.25434801549754,12.7450369869231,0.61174891434244,0.569984892909554,13.789408790467,10735.9891063816,37136.4981818178,594.378981733749,-4311.67693318361,0.0516772708841208
10.1,94.5746454390935,83.6852206715298,1704.78,16.4105335354852,15.9166666666667,15.6800801346915,13.347418688095,8.06251443786439,-5.11350038850146,-8.02977592819682,13.2209482831562,2.56790538521292,-0.835663266236382,15.6680762375158,10850.4929897544,36717.2979020976,-982.736582488333,-4160.52081405735,0.0581413661814237
10.2,95.8303090262255,84.496946929454,1704.22,16.421941082257,15.7916666666667,17.9551518406503,12.4173206019583,9.34194158517195,-5.3121017871025,-11.3598673897926,13.086160066926,4.70035160492553,-2.66580658136612,17.8571087592042,10600.822561058,36324.1478601394,-2623.71484387999,-3809.21907509684,0.0658415260007186
10.3,97.0476903994569,85.3753905284467,1703.63,16.1451890301362,15.7166666666667,19.8290344330081,11.2729774128445,10.6287631188016,-4.54054001554116,-14.3070130582334,11.848293879194,6.93670786823342,-4.14032474775586,19.5647190402488,10317.8631098364,35968.9938461534,-4100.39553637966,-3319.98716155606,0.0743935968092768
10.4,98.1502189978073,86.4873402348731,1703.28,15.5488406799013,15.5805555555556,20.1582604732429,9.48347571514879,11.7366449577239,-3.75250582750656,-16.2835921243193,9.0667422011792,7.68077331349322,-4.94146570334823,19.5868660780433,9615.692863468,35632.170125874,-5721.82783951937,-2797.58635630056,0.0808351142034318
10.5,99.0077349839757,87.821676711725,1702.97,15.0724583138821,15.3277777777778,18.3285427069364,7.74586094116197,12.6364837499364,-2.73859751359849,-16.3508575555368,5.09986353384219,6.52505378481457,-5.31277782464213,17.2991612261928,9142.00592650989,35384.345286713,-6978.07682097897,-2337.47444830213,0.0772151519194224
10.6,99.6661782617154,89.1115322830516,1702.63,14.5859630288635,14.8722222222222,15.0739746736291,6.15965664402178,13.0576334267787,-2.07536907537045,-14.5718120481133,1.57335583785614,3.52300404529368,-5.24645432142986,13.7775973911744,8599.66831575283,35182.9498741257,-6972.79303788868,-2008.31335322018,0.0664229554348361
10.7,100.255714765281,90.4903439658776,1702.68,13.8738865795919,14.5166666666667,11.7253200246622,4.83590228860418,12.858510619798,-1.93842268842403,-11.6853501993417,-0.54552528912434,-0.798825737201124,-4.46705342494207,10.7513142588831,7775.63794082003,35012.6903496502,-5612.18198634051,-1867.70895007085,0.0563216584037374
10.8,100.454760268463,91.6801156868411,1702.22,13.2896379352579,13.6333333333333,8.92356283758407,3.87831529430947,12.4572112248557,-2.52804972805105,-8.1427615679287,-0.633063863125465,-3.59508524368748,-2.285829972491,8.6451249927927,7060.31256258216,34819.9661538459,-2755.3814056715,-1967.38779500209,0.048839884821943
10.9,101.051954564077,92.9032555419759,1702.21,13.1544478218413,13.5805555555556,7.43187745210736,3.37772593807499,12.3406222921245,-3.05606060606162,-5.37858399693918,0.631129991062148,-5.08972608156799,0.393453651873102,7.42208876608048,6873.51163570749,34602.2161678318,226.75053846802,-2238.78555300155,0.0428887928305138
11,101.342878782197,94.0819084700062,1701.71,13.5450719827487,13.2694444444444,5.78193279822417,2.96932844780489,12.7236290755439,-3.57229992230149,-2.5239034795911,2.08203708473334,-4.76715635223803,2.65974824635802,5.28534140020588,7269.48105312197,34360.7758321677,2785.30226246789,-2606.36062399154,0.027982152561803
11.1,101.603175698751,95.3606365101407,1701.3,14.016202526476,13.2111111111111,4.51552922336029,2.82355839353152,13.1396024475147,-3.97898212898414,0.722054295226238,1.97537739856502,-3.99581354607602,3.13164045500182,3.48240514334623,7810.43716717279,34087.2117482517,3479.09612869866,-3002.74927738959,0.0165592333892509
11.2,101.863468719234,96.7394342353697,1700.8,14.3302387548205,13.4916666666667,5.78917917343331,3.06236659745344,13.4004597422202,-4.05034965035053,4.65848078011845,-0.555882464718937,-3.39177637953904,1.43436379328015,5.51088872073576,8291.09404475388,33760.870321678,2016.43066467889,-3359.72693367274,0.0273119778670111
11.3,102.230958756441,98.1293603914822,1700.57,14.3249861263416,13.7527777777778,10.6173247992785,3.43653520209157,13.1668392415619,-4.47546620046789,9.10369955661073,-4.45120737775382,-3.16812139233473,-0.917580488516981,10.6145460026371,8266.29689501563,33427.39434965,-115.413827748491,-3637.44366048914,0.0515464474714847
11.4,102.544848761755,99.4748012284642,1700.11,14.1714454177475,13.9138888888889,15.1625305454503,4.72656199440324,12.5154825180547,-4.67463092463214,13.1912182088697,-7.27074334696701,-1.74080035909712,-1.44728718980016,15.1584532930017,8085.91532820512,33029.5062377619,-851.427651971681,-3777.66822403762,0.0751546567381105
11.5,103.142036490576,100.597861900957,1699.61,14.0052780383078,13.825,17.1173627168419,6.27604962975362,11.4490100786787,-5.06746309246461,15.3876694268083,-7.44290591422639,0.909333570902883,0.482093811668658,17.1080290576221,7717.09467124546,32651.3387412584,413.109737725817,-3719.21812672167,0.0872330527862393
11.6,103.846416711049,101.67644563947,1699.06,14.0683063075661,13.8277777777778,16.9502515849234,8.02658118956067,10.4430063834944,-4.94316239316381,15.4556310716203,-5.80117387671361,3.84459082638163,3.16098782921634,16.820034995666,7734.13062894437,32284.7694545452,2593.59161589041,-3498.38434348815,0.08414073980388
11.7,104.665644563423,102.710551433002,1698.52,14.4949289214741,13.8694444444444,15.548618453673,9.59804255808634,9.93523976828069,-4.38993783993853,13.7090639398006,-4.24643782017109,5.98237975656689,4.35521459242744,15.2610320588524,8290.40827431436,31950.8178461535,3986.01558038533,-3180.98683358585,0.0710423414528489
11.8,105.791140891111,103.644592107164,1698.07,15.033579435507,14.075,13.4880671795805,10.7511551025463,9.98616657155492,-3.27072649572664,10.9243836650376,-4.80937068281168,6.28138133018892,3.25124740271633,13.2595524210504,9111.9527261254,31652.9048391605,3414.8918810812,-2773.35032259071,0.0579197356328624
11.9,106.954921999058,104.545277245506,1697.87,15.3321822674724,14.1666666666667,13.1796744469349,11.5061915665047,9.79851323159398,-2.58311965812042,9.04685585832852,-8.39347351242579,4.62685854571126,0.645672342819641,13.1174571674735,9515.61096807144,31401.8054265734,1843.79530685603,-2417.25640014947,0.0559983140208049
12,108.149331222979,105.534921186774,1697.73,15.2702178194839,14.4638888888889,16.3793478740539,12.2946661093868,8.70355006713993,-2.50378787878837,8.10299237224407,-14.1626062989235,1.43008189147313,-1.78268504926201,16.376501667634,9380.64363905089,31162.5969230767,297.063834712446,-2164.32593965444,0.0698262233658315
12.1,109.313112216805,106.513443701147,1697.49,14.9405070143578,14.6777777777778,21.0595602702608,13.0384737498266,6.78387410414276,-2.68253690753728,7.6819891667195,-19.5427906581637,-1.60357553933064,-1.88164744185592,21.059463848406,8929.03497180919,30952.8046993004,-216.892011144003,-2106.29686765449,0.0939676005088178
12.2,110.584086205501,107.213981405026,1697.2,14.8109647794094,14.6666666666667,22.3917599595451,13.825734858872,4.4541326659486,-2.89386169386259,6.5642432799764,-21.0914349074076,-3.66783284703153,0.501360919520402,22.3903989841291,8771.52295553367,30765.2027412589,45.6664643749716,-2260.69152004223,0.102049913641707
12.3,112.077110651351,107.347433656045,1696.7,15.1891528536208,14.4472222222222,17.9516209847295,14.6383770835437,2.19536341007394,-3.40714840715009,4.0366314691282,-16.974847333847,-4.22147608715386,2.38373862842631,17.9496592097403,9196.93217298087,30532.1775104893,319.666482279917,-2581.69382822368,0.0771211671995287
12.4,113.623732507634,107.336336995426,1696.33,15.4459660645435,14.4305555555556,9.79111463632642,14.9724579113717,0.680535223136045,-3.73366355866509,0.559833141654503,-8.82611584568151,-4.20145114856767,1.16939273372669,9.78885273828504,9547.71818937869,30248.9360559437,-202.515891888794,-2942.24970218648,0.0407457373840266
12.5,115.132078115418,107.358601615759,1696.17,15.3320566529393,14.4861111111111,4.58852977694589,14.7833642771524,0.209619221108418,-4.05957653457817,-2.3927438206033,-0.080230115784702,-3.91445342945921,-1.27175358464348,4.46940365016283,9442.67575540224,29923.0885594402,-1430.75774882496,-3280.71692079527,0.0187549780842282
12.6,116.609790993702,107.492056121393,1695.79,14.8915608712582,14.8611111111111,8.1334988128018,14.1739655948658,1.00463438888762,-4.45510878010978,-4.04638466954198,6.62325646685104,-2.43167592788589,-2.6770857296026,7.87989874933201,8872.97968553058,29572.1238041954,-2769.0763169315,-3502.16955580566,0.0346336104158141
12.7,117.949675435173,107.669980323433,1695.11,14.5333912668102,15.0333333333333,11.2493732811116,13.5680105229307,2.34268304518928,-4.65192307692427,-4.26627627216488,10.4033769063954,0.342103684325962,-2.41543807928168,10.9732118496773,8392.96616573629,29221.8176223774,-3197.89284111855,-3531.17101471907,0.0520169631344194
12.8,119.205343351337,107.947982415264,1694.7,14.4366608832553,14.7305555555556,12.3007205318446,13.2345356956851,3.4094303801963,-4.65188422688538,-3.67766207957537,11.2074885232274,3.48923032096219,-1.84893819435968,12.0968013947198,8190.0060698867,28890.3905454541,-2591.14010087018,-3327.12636216907,0.0583491657373853
12.9,120.529914475604,108.270461411405,1694.2,14.4046442841432,14.7527777777778,12.3622798004208,13.1325561993459,4.13725220738296,-4.23236208236312,-3.72276795250287,10.1333738500753,6.02342884496198,-2.25333352444304,12.1536567983761,8158.25085661966,28552.963132867,-2170.68828027928,-2975.55998989353,0.0585809473254897
13,121.854485002753,108.893166534168,1693.84,14.1572691748586,14.8388888888889,11.9156159044929,12.8619284377725,4.96171386535273,-3.22187257187288,-4.87387534460899,8.78920870824382,6.40133203259659,-2.80436663262659,11.5975227110313,8035.50722999128,28250.9706293703,-2461.29735351672,-2583.87258447876,0.0577808109339578
13.1,123.163747062431,109.40468088138,1693.63,13.8740496859569,14.6,11.8814367083682,12.2541518963057,6.03948223610124,-2.41860916861044,-6.85975090353928,8.81355943437753,4.05382854756426,-2.92890120152081,11.5389695574295,7805.40220413291,28019.0247272724,-2882.95465959652,-2287.45583777551,0.0598203595250969
13.2,124.373468879133,109.949549496331,1693.38,13.4749733420383,14.2,13.2185100332283,11.372692947584,6.91919448802341,-2.08842268842358,-8.53229248033733,10.0838249848646,0.495445459314444,-2.10003352765195,13.1029253821248,7386.33388571432,27848.8566713283,-2175.2980604395,-2141.36097739126,0.0718746180707117
13.3,125.483654782728,110.627849737768,1693.12,13.15719102299,13.7083333333333,14.5907927276703,10.3068416928849,7.82083442596354,-2.39065656565754,-8.73233700831193,11.458413720472,-2.31133680055554,0.390444573399193,14.5789685544393,6985.99228211608,27637.8387692304,131.098015134229,-2113.62977260539,0.0842552511799616
13.4,126.356479844784,111.639726551492,1693,13.3780574774451,12.9805555555556,14.671845912379,9.43560329898975,8.96902952174911,-3.08193473193558,-7.55250604400229,12.1886716359974,-3.107892964974,3.56078811456323,14.3115424409893,7091.16315852483,27411.9480839156,3182.43621564068,-2192.5265336531,0.0795273105357496
13.5,127.236959320532,112.629363422029,1692.66,14.055262408325,12.8277777777778,14.1387314256453,8.73181800661244,10.4086042056648,-3.60093240093328,-6.36405876322106,12.5363541102823,-1.49743380702034,5.7137533824014,13.1560547676524,7729.41376470214,27157.9948531466,5886.99376994165,-2308.38709993955,0.0654657139679884
13.6,128.155721935312,113.530045258981,1692.26,14.7601455372381,12.8527777777778,13.8040764670303,8.26189568972196,11.7517120153039,-3.39120046620157,-6.26968867101193,12.2641192408377,0.913734273581431,6.0450777611291,12.5141674996447,8615.22918929874,26921.9694545449,7201.1893606249,-2356.89356578142,0.056962961925047
13.7,128.936651843585,114.80877596835,1691.66,15.3083196694798,13.1972222222222,12.8994797639684,7.86611026816396,12.8120063284088,-2.88469308469373,-7.33381809087497,10.3338729020523,2.4130398329107,4.42557676951118,12.0526691573698,9390.19050192516,26710.7320279717,6120.63452658354,-2319.02299965777,0.0517039864408801
13.8,129.717589159564,116.232069499032,1691.51,15.5901547587514,13.5722222222222,11.6381919851873,7.08367597451508,13.6370465959626,-2.62781662781873,-8.99209932077519,7.24051551832376,1.47125712175147,1.99971944712784,11.4018308315127,9781.74060188176,26480.487440559,3323.28347107724,-2274.02620340057,0.0471712285505833
13.9,130.353050534952,117.633118342391,1691.38,15.7468921388999,13.6888888888889,11.074357737915,5.87871523015271,14.3890477164134,-2.52202797202885,-10.2148402728725,4.01087087379581,-1.48706164658899,0.0897247760430267,11.069532134054,10012.8139182793,26232.699188811,354.670857259029,-2317.00301628431,0.0446595752704491
14,130.957886605132,119.112006671826,1691.32,15.6480425857182,13.9611111111111,11.224535657738,4.67851738046133,14.6590070709671,-2.84362859362986,-10.1853661190684,1.45689747102033,-4.48619744452921,-0.865198486070479,11.1911315466803,9879.32814288196,25997.0945454539,-1666.26707416279,-2507.45631212582,0.0457040115605176
14.1,131.386615138151,120.490809475047,1690.86,15.3208971485357,14.0333333333333,9.67934058844526,3.80253822343178,14.4249669073783,-3.49155011655116,-8.12086566247672,-0.376820400372511,-5.25349231511701,-1.17308353518261,9.56513291126492,9408.69389554282,25753.8980139855,-2460.36943367336,-2794.41484310567,0.0409321197642132
14.2,131.585641393068,121.936316926031,1690.25,15.2621057118784,14.0333333333333,5.93746018278289,3.20119592173598,14.2826190131064,-4.32331002331111,-4.17156593159811,-1.80995475949988,-3.81779188393317,-1.48730434831081,5.62644809773755,9181.37737609479,25486.0232727269,-2590.42842418564,-3069.11723050862,0.024677436181792
14.3,131.907177582903,123.40407379142,1689.89,15.1870687975451,14.2555555555556,3.18529152024953,2.91728134608799,14.1563562352487,-4.66198523698554,0.299643812673129,-2.86949857368915,-1.34991614187555,-2.202808852839,2.25542530153354,9043.36556063419,25140.3636923075,-2591.20144458791,-3252.06449215142,0.00997544702977098
14.4,132.259340848902,124.782872778417,1689.52,14.9785993370242,14.3333333333333,5.60964860439341,3.10537008356254,13.9600454068208,-4.4533411033423,4.172877236847,-3.59295339017116,1.07048538851996,-2.80177738750152,5.04575668512204,8901.50057581921,24782.9961398596,-2539.05421165415,-3330.6715317784,0.0216611245040898
14.5,132.649786995367,126.128316500363,1689.09,14.6303844484809,14.3777777777778,8.58124534247839,3.82246834929187,13.5745653917063,-3.8946192696208,6.91141016797699,-4.44223725437091,2.47723823918302,-2.97536222741908,8.15274312666042,8651.56369586341,24440.0074405589,-2714.1432329651,-3274.50711721894,0.0376032797273899
14.6,133.00194952957,127.495997669756,1688.65,14.2772100722602,14.4444444444444,10.2055507391934,4.75670832119065,12.9569126617878,-3.65114607614734,8.43964536216899,-4.99966365458244,2.81585074038323,-2.44560079971224,9.88283524935905,8238.32338510913,24145.9178181813,-2602.71265221934,-3084.79562619198,0.0486080041573854
14.7,133.430678688504,128.785842380178,1688.24,14.048558094945,14.4055555555556,9.90735441211968,5.58658088435564,12.3700538643522,-3.62406759906929,8.31933525733036,-5.08738957211291,1.75008561648965,-1.62273395896429,9.68709468095774,7908.91823308796,23869.4267412584,-2318.05751255107,-2882.9879016086,0.0495209677079342
14.8,134.135049823183,129.997864346173,1688.01,13.9043042787174,14.3972222222222,8.82243635978683,6.3607221520078,11.8199989216367,-3.62746697746845,7.19857741521083,-5.08979357286408,0.331463279017133,-1.12019814162518,8.63577626931598,7710.77599445557,23565.6597482513,-2242.68752952511,-2785.56897615163,0.0452648081715054
14.9,134.870046050374,131.065330150048,1687.66,13.7819160597749,14.1805555555556,8.89079305309008,7.03151451945728,11.3314806699642,-3.47801087801192,6.58715983009029,-5.95895905766336,-0.382535534050566,-1.44215481743587,8.67500038157899,7617.28263380689,23285.6013986011,-2460.30606336183,-2784.37210295527,0.0461882342011983
15,135.620354913113,132.177275372816,1687.27,13.7446525002748,14.1527777777778,11.3823693655132,7.69067343762168,10.8984321076264,-3.31559829059985,7.53852290298782,-8.52442816652997,0.251255343766631,-2.60171332581421,11.1699925669267,7616.92359668883,23032.2518601395,-2595.63330603947,-2774.77686211226,0.0586560678614617
15.1,136.34769484172,133.244742631257,1686.88,13.3556683326651,14,15.9656173548675,8.21443291098213,9.90184458835217,-3.58475135975255,9.67799665561166,-12.6128942033919,1.46704399049879,-3.7924460722763,15.8527536945137,7083.67197466812,22749.5592167827,-2135.2970120942,-2669.28525241693,0.0869446378915256
15.2,137.151600421615,134.212135231947,1686.5,13.0419063111189,13.8166666666667,20.5472186211978,9.21082416000182,8.53123691391881,-3.53129370629503,11.6408427773991,-16.7225985774842,2.65210658071923,-3.43569878452087,20.5286891686982,6706.02317090149,22477.5135104891,-910.531415603702,-2485.38791204129,0.119100379779531
15.3,138.154584822301,135.079465400205,1686.35,12.9163059355286,13.6666666666667,22.7355173468558,10.6812340177437,6.58114017768463,-3.0709595959617,12.1212926055023,-18.9308881315136,3.40580227745115,-0.431667287718091,22.7329446048725,6630.22741568487,22220.0113006989,487.822568221383,-2268.53620812745,0.136254201206531
15.4,139.303042824758,135.646570114819,1685.98,13.1469939100126,13.3694444444444,20.7450370306731,12.140276757485,4.43622063789198,-2.4035547785561,10.3351916245021,-17.576017983584,3.82412961725309,2.91393517021546,20.7194113608508,6948.93325369779,22022.8051468528,1396.37060558287,-2024.86887313121,0.118832190812628
15.5,140.520419660458,135.791140655293,1685.51,13.5289695635219,12.7916666666667,14.5067540385841,13.1025955182493,2.66180043756577,-2.06635586635745,6.57130549506854,-12.575920016752,3.01829298755337,3.42891606683878,14.4719798524565,7363.39165287327,21842.5572587407,1419.24528595149,-1810.42328198542,0.077011728044252
15.6,142.036408638952,136.124758059261,1685.57,13.6375917954071,13.0361111111111,6.11335114360752,13.3832823066318,1.69228045020339,-2.00196192696279,1.70939880869516,-5.8354281204553,0.631503419530279,0.860704754770601,6.11331891370325,7463.15821314714,21670.1024895104,8.03651559292921,-1683.73840644168,0.0325429126648179
15.7,143.345670117308,136.158143620141,1685.41,13.4136405444564,12.7194444444444,2.62502911671566,13.1534659260371,1.65523305974388,-2.04261849262032,-1.93390771603183,1.23775495333909,-1.27229771868148,-1.54991461200226,2.49174356203619,7211.0956037809,21502.7150769227,-1171.52853611211,-1669.23247102531,0.0117749574278012
15.8,144.608990892003,136.380557403987,1685.25,13.115773413531,12.6583333333333,6.96369615424484,12.7412020148268,2.31754793963631,-2.07707847707958,-3.20722829104717,5.81490964090674,-2.09608603970372,-1.75619658719526,6.87374530261747,6911.59983996457,21326.3088671326,-1510.36154708432,-1768.97798066739,0.0391725985877469
15.9,145.780422700601,136.647440205077,1684.81,13.0266256523516,12.6361111111111,7.761117935494,12.3892937505187,3.12493772001857,-2.53636363636394,-2.51459897532354,7.27449232535554,-0.996747214840268,-0.452431556372826,7.73131462487364,6748.70976352134,21151.2015104894,-849.368421317915,-1833.46290446149,0.0456584576102322
16,147.005454020955,137.070000683323,1684.59,13.0317393853891,12.7777777777778,6.88824437171751,12.1377545347829,3.85194175807822,-2.76833721833743,-1.37020101802211,6.71645792852733,0.677976835173269,0.565033754702215,6.88743654718332,6699.08263424181,20980.411468531,-53.3248235023406,-1809.21940828449,0.04042385387886
16.1,148.245798145251,137.514801121851,1684.39,13.3103424296984,12.9611111111111,6.79181115976066,12.236199065828,4.65527659520893,-2.40188422688512,-1.2941137060097,6.50648855278007,1.45587611365429,0.823241410984807,6.78580934359846,7060.32715935033,20773.2352447549,290.502291113855,-1774.4137486758,0.0380533707624742
16.2,149.486137390599,137.970718782054,1684.13,13.3396092653833,13.1166666666667,9.02578587669172,12.2193142877672,4.87723932277934,-2.20137917638091,-2.90681269900233,8.42695467427412,1.41480936614651,0.184899335326371,9.00118215315288,7119.97455980654,20577.1815944053,680.550261592565,-1737.27475312578,0.0507116406275234
16.3,150.703507991756,138.504472820523,1683.88,13.2567669001568,13.2472222222222,13.9036154169404,11.8835667252518,5.64119198897329,-1.64306526806601,-5.7980535258747,12.6287987585669,0.45446549802361,0.12018058192713,13.7710725319311,7114.87319226676,20439.3933986012,2184.46214293363,-1724.70841964558,0.0791108920359185
16.4,151.813685247211,139.171659304424,1683.82,13.2658038808095,13.1277777777778,19.5459930724681,11.063224812622,7.06499749065501,-1.91635586635775,-8.85735667180793,17.3627851380202,-1.45834503060615,2.07087437945793,19.0912534338201,7091.85029321923,20291.4339020973,4917.61302911863,-1752.60522014102,0.110443281497553
16.5,152.931515853586,139.849962282477,1683.54,13.796138473766,13.1805555555556,23.3175807023576,9.90216436038826,9.27173874227992,-2.51305361305496,-11.056114707445,20.3845862590685,-2.4373223901185,6.2079845852992,22.4107564294643,7577.21832287516,20081.4953286711,7704.91296282362,-1825.81316445814,0.118087492278749
16.6,153.911525116331,140.706172957059,1683.31,14.7517544518153,13.0388888888889,22.4981921114027,8.67462963047916,11.6406787877771,-2.61909479409615,-11.0303468299227,19.5270104125646,-1.78772521400544,9.2399656393031,21.2670435467887,8672.31473216675,19895.7044475522,8864.39945255725,-1930.87379888218,0.0942640780447995
16.7,154.661823601875,142.207300365587,1683.24,15.8170547407568,13.1194444444444,16.3797765918459,7.59624738550826,13.5915675161455,-2.78308080808195,-9.12825998205967,13.5999005627141,-0.12106024532991,7.32376337011336,15.4785782599676,9950.35298852999,19700.3642517478,6502.67639404718,-1973.75917877025,0.0585630778527549
16.8,155.320229926685,143.697295268355,1682.53,16.3495479681761,13.5527777777778,8.87847652376318,6.79812845895508,14.6147097283656,-2.73923853923914,-6.77630177300591,5.36416594319607,2.03342159869182,1.63671384110952,8.8309198797115,10638.776324663,19498.7859020975,1333.63098223251,-1948.63123803928,0.0326451910391599
16.9,155.940362296653,145.254012965889,1682.33,16.0735622619611,13.9972222222222,6.10558174206652,6.22926498987788,14.6471065667604,-2.24007381507485,-5.19275732073186,-2.1964393066222,2.34287306300762,-4.34046600460671,4.52405685707199,10354.902310436,19308.3850069925,-4725.90533455171,-1845.71290038635,0.0166202795076709
17,156.606448121393,146.621714565592,1682.47,15.1827602135909,14.1555555555556,7.87632672132872,6.06452976921629,13.7765678092627,-1.98591686091722,-4.75774309930559,-6.13714624348883,1.31751250778041,-7.64147985678016,3.71290014412342,9259.69013927541,19136.0399999995,-8545.81388622147,-1740.75496373049,0.00828144427792061
17.1,157.211270073774,147.900446589201,1682.05,14.0853178575176,14.2083333333333,7.71334927556297,5.6793073522024,12.7593390707199,-1.82781662781746,-5.04124504741795,-5.81247742438614,0.544712410096639,-7.36865052043255,3.33861920879182,7980.09611902849,18963.585230769,-8396.03644387339,-1655.00485011447,0.0114925398631132
17.2,157.762504496752,149.07910687379,1681.92,13.4541978707747,13.9083333333333,5.83860149414773,4.92917258729418,12.3645227093643,-1.95889665889774,-5.19478131481568,-2.65134768769408,-0.271790245714,-4.30023505677117,4.15828266313589,7251.09525326099,18781.0872167831,-5001.51625721044,-1588.94715796984,0.0218176684593445
17.3,158.237172321874,150.335602911155,1681.77,13.3654668490023,13.7777777777778,4.66067218404752,4.28677289465299,12.4371349831816,-2.36155788655883,-4.53116953259667,0.974665521420805,-0.490300923286361,-0.459705159370014,4.62802371686558,7080.84720964138,18660.2206993003,-685.528013938947,-1562.21173064667,0.025963148288573
17.4,158.696520501445,151.592090605837,1681.41,13.7564152530471,13.7361111111111,4.17604160018228,3.89108208561089,12.9974558241717,-2.27257187257301,-2.72358488450339,3.15404682558269,-0.270919629022044,2.2544082661304,3.68728211872203,7530.60189296804,18495.9980979018,2389.71225415464,-1606.57389733808,0.0185757084527185
17.5,158.903206013059,152.926413031839,1681.18,14.1240638594808,13.5861111111111,2.9224833485324,3.83353261371781,13.4501186686986,-1.97167832167944,0.385614386031845,2.83629560657668,-0.58960809004648,2.88792911929437,1.27849639154299,8011.21208274791,18308.8534825173,3204.85856659183,-1697.5348388676,0.00224612924053135
17.6,159.301304181461,154.26074080875,1680.96,14.2763275834879,13.6944444444444,4.0825502838987,4.10565258760646,13.5097364003883,-2.10811965812185,3.76892395669442,0.591060217489187,-1.45364261375273,1.85785963127818,3.62278195340288,8196.41318344815,18156.7596083915,2127.62712363852,-1847.36132394416,0.0178365153865944
17.7,159.875503977531,155.684030207995,1680.97,14.2610087664813,14.0888888888889,7.41135822176326,4.60531907312596,13.3115286195409,-2.22948717948829,6.64831121121993,-2.23112427525779,-2.39797272678833,0.439251481783121,7.3945384306148,8196.93145350838,17966.8526433563,341.549959367925,-2003.55126835863,0.0363775304869317
17.8,160.357819616073,157.029476090122,1680.61,14.2692441576492,14.2194444444444,10.9961310622913,5.38940790323264,12.9428374061494,-2.65491452991598,9.54492887736394,-5.04410523206653,-2.08955341472534,-0.581385596689003,10.9871844869147,8142.73747213998,17749.1941258738,-858.831336199711,-2077.22774903416,0.0539299601274049
17.9,160.901391671858,158.197012233002,1680.3,14.2517906560918,13.9944444444444,14.3613794725915,6.50881239812704,12.3165414105791,-3.00860528360616,12.3050782732474,-7.40453456661322,-0.0844801565940949,-0.761493303354997,14.3556303957231,8047.00686607051,17545.1461258738,-745.236143935966,-2093.12802875446,0.0706067005152861
18,161.590440107572,159.331197972568,1680.03,14.1776147567434,13.875,17.9172243705196,7.77768637593131,11.4726044025675,-2.98189588189598,14.5793504660161,-9.96553962594684,3.02613434868667,-0.702564995625422,17.9162342256803,7935.13929474113,17331.7866293704,193.016218036456,-1964.41965181662,0.089069754703855
18.1,162.386674953155,160.543219342804,1679.66,14.1202333005994,14.0805555555556,21.0083985786541,9.21748300236834,10.4288281320461,-2.37876845376974,15.5917305301331,-12.8405139844847,5.77684607113267,-0.278804283527179,20.9931438439843,7922.36469314491,17146.3616223775,1139.32900848166,-1634.31999152359,0.105358834065119
18.2,163.450893497525,161.532861734247,1679.41,14.3174826371006,14.1055555555556,22.3724480644989,10.997202412514,9.06094985351962,-1.39679487179573,14.818758353718,-15.1891295864123,7.0866900355517,1.07828252413644,22.3417018530126,8214.11820084352,16988.4503496501,1738.13065325678,-1193.7429403235,0.10901221684089
18.3,164.675912577704,162.355728262164,1679.45,14.5539455620517,14.0527777777778,21.0734096325461,12.4541016164275,7.47997646264983,-0.873290598292812,12.3055636023475,-16.1893060106908,5.52883973921109,1.87789817985762,21.0389710045912,8480.89691371125,16886.5726993003,1717.14101764711,-772.032570786183,0.0990927932461187
18.4,165.969838134173,163.011801618926,1679.36,14.6821919553874,13.9416666666667,17.5154118961185,13.5342366953024,5.67975858787138,-0.362684537685844,8.48299066765038,-15.2414925256193,1.58915978263268,1.8843536386563,17.500081352798,8635.92801124441,16834.6368671326,909.319583403864,-533.998439370001,0.0807812624234897
18.5,167.256117428706,163.512208965386,1679.39,14.6567277876264,13.6777777777778,13.235948262346,14.0488444731107,4.1651453542748,-0.318123543124956,4.09540980879578,-12.1744491615594,-3.19385856200989,0.535144461092353,13.2354934409072,8610.98761110379,16799.4397762234,-358.551883281156,-585.306884118228,0.0615638485158064
18.6,168.833344767201,163.790232974566,1679.24,14.5824080781264,13.9361111111111,10.0676652864667,14.1932516932655,3.21193664230167,-0.938986013987047,0.0650094535243934,-7.42756290143133,-6.79595228327576,-1.13512539735494,10.0019990737387,8524.43902924763,16752.4066573423,-1482.57079544215,-910.518557060205,0.0470426846155639
18.7,170.180871442062,164.1460851257,1679.08,14.4377185851813,13.9638888888889,9.84027637719113,14.020366600033,2.76244477162903,-2.06056721056841,-2.65176690740063,-2.37567810929823,-9.17362114812476,-1.72039374954906,9.70744042247335,8314.5668386402,16626.1983776222,-1769.86149317331,-1501.90099140925,0.0464803334989448
18.8,171.574346272325,164.368509938681,1679.01,14.2594908796187,14.0083333333333,11.6622082266505,13.6151096005074,2.87353747994948,-3.11522921523053,-4.49057366044145,2.39619806912608,-10.4928587017752,-1.51242620077094,11.5752872959667,8074.1338935406,16412.5644755241,-1280.11504327086,-2250.73747664917,0.0568708350075933
18.9,172.852956732984,164.702114284788,1678.55,14.1225137060158,14.1222222222222,13.3316859085075,13.1219776650363,3.37132499683109,-3.98663558663649,-5.71668251001325,6.15258102767288,-10.3537016057411,-0.920189917781888,13.3079053875489,7966.99504950279,16156.4891748252,-426.938378510345,-3101.97063752106,0.0666843727986706
19,174.200476297086,165.057959015733,1678.04,13.9687525085947,14.475,15.0152511540593,12.495122413996,4.13061569392143,-4.68358585858672,-6.94579384931858,9.02872490243031,-9.78242514198199,-0.263267859574845,15.0146378156257,7957.03068262584,15827.1658741256,-8.04448761885837,-3981.31885829792,0.0769397179367553
19.1,175.348920431257,165.547228041556,1677.44,14.1080186049966,14.3805555555556,15.9203060830517,11.8657539773961,4.96769469595123,-5.79327894328062,-7.92665533762166,11.0986010526548,-8.21251091996929,0.613557885653377,15.9110431433228,8068.78113822653,15397.4650069925,-300.713773946012,-4724.8232327579,0.0799275685431854
19.2,176.535645835811,166.114336597064,1677,14.203940483194,14.4055555555556,15.5849781885729,11.0038775341199,6.26357131960473,-6.43694638694715,-8.70173262879617,12.2472071075182,-4.14455214236608,0.537647630200569,15.5827205375959,8119.35387155502,14906.480223776,-1379.56225528197,-5126.26411886484,0.0772022451596963
19.3,177.653461394179,166.748158819544,1676.49,14.241863841571,14.3694444444444,15.5087507954882,10.0752197199471,7.50450491778286,-6.70843045843127,-8.90662617669417,12.1151401687952,3.79693825017293,-1.70550590805517,15.4242219465817,7915.52669938133,14358.309314685,-2689.56602848167,-4967.26455539809,0.0759978095827238
19.4,178.556879205117,167.548755250278,1675.68,14.1412675495343,14.0666666666667,19.8897505187198,9.07646692752085,8.74385362193926,-6.41390831390916,-8.38262942135371,10.656132652057,14.5526814224367,-5.39191827896475,19.7440080340239,7441.00903650911,13854.0981818181,-3312.15181942915,-4092.11290658052,0.0957365395472237
19.5,179.376073747608,168.482783219131,1674.88,13.6016730050078,13.8138888888889,26.460618371809,8.33967737764471,9.76142689521585,-4.49108391608473,-7.56942562418185,8.19882042079028,23.9926543768322,-6.67913466363512,26.3582723319649,7031.64714936653,13495.2122517479,-3029.03698844026,-2597.61745480699,0.138394683072591
19.6,180.218247695721,169.628095243962,1674.68,13.0102778688002,13.7472222222222,28.7619690056891,7.60003137184367,10.4702482269929,-1.37140637140738,-6.81681410300629,5.60624964532584,27.3742921640645,-2.35586469601,28.7164142791345,6734.3247694214,13331.4652867129,-1952.19250861667,-773.55345721957,0.169349414973913
19.7,180.914951120255,170.617729971537,1674.48,13.0440810391438,13.1666666666667,24.6036861050824,7.07854445097598,10.760642951883,2.061752136751,-6.49823189566552,4.28910287723917,23.3391934028586,3.70092098041764,24.5953852061068,6693.79177784257,13350.5822097899,-378.151211496686,944.230894094127,0.142956352593404
19.8,181.604015664131,171.729698369744,1674.98,13.5397429929417,12.7166666666667,14.3507105851616,6.48192055775776,11.0524730972983,4.37632090131975,-6.68587109762955,4.07336998590232,12.0270394912007,4.01172394519895,14.3436623768671,6865.19661420499,13533.098517482,909.829374179403,2143.15928994081,0.0751593950183123
19.9,182.277775794051,172.830554197862,1675.83,13.5470530093637,12.3305555555556,8.9399083366922,5.70479652962582,11.4216744941844,4.5302641802634,-7.14796649693381,4.79211439346186,-2.42160600989223,0.220399322866641,8.8254962704117,6948.00910158456,13808.1992727267,1773.16581426641,2567.25292288161,0.0486980291369811
20,182.775425352923,173.942514732218,1676.23,13.3859507341941,11.9277777777778,16.3348609864828,4.94640616561856,12.0414933207179,3.11756021755968,-7.10315250818782,5.69308691577719,-13.5632470029322,-0.662339847543345,16.2238360716464,7086.75866053961,14086.4465454544,2536.28009085205,2178.36380067484,0.0910876904418409
20.1,183.250092530341,175.154539886716,1676.3,13.5528827597692,12.0888888888889,20.1124110854441,4.28236067857118,12.8128597440785,1.08288655788507,-6.52600522071657,5.73581632565662,-18.1389290369472,1.91126124114624,20.0319094348326,7392.27284149115,14264.8101818179,2878.30316509114,1189.90620144414,0.109001109384805
20.2,183.586928733518,176.588937977212,1676.14,13.8464501596393,12.6166666666667,17.6935694419271,3.6328476303504,13.311616590838,-1.15215617715666,-5.08662186453932,4.40134358240053,-16.3651108237356,4.25850950330054,17.6073849816736,7616.16232977042,14330.301650349,2739.55165960408,-67.2371529171373,0.0895737463327141
20.3,183.962049113,177.889905792776,1675.88,14.2550696498205,12.8805555555556,12.000973985569,3.21377645439235,13.6888893790279,-2.34370629370739,-3.10575035986155,2.43735857147282,-11.3330037721071,3.50365013825795,11.8600488964213,8007.16119825351,14229.448447552,2305.02642910433,-1232.15560141526,0.0564849851630829
20.4,184.306543249242,179.302066489484,1675.76,14.4094386835796,13.2916666666667,6.72840504721632,3.08054637124782,13.824908564135,-2.64840714840818,-0.795178414633947,0.25540549668152,-6.67636830923603,1.30214060563459,6.62080489743155,8307.78000992373,14018.3390769225,1331.52508324413,-2087.72104455037,0.0317928073498685
20.5,184.582127609803,180.636388579245,1675.48,14.2815671815032,13.4222222222222,4.15138485758769,3.06565421917585,13.6328805796756,-2.95118492618547,1.69763355638557,-1.22402154981651,-3.58522074489519,-0.0631536238289014,4.1295667167388,8247.87782782462,13775.9657622373,503.1719304912,-2596.16739074432,0.0203512459737957
20.6,184.880680248938,181.981829933549,1675.18,14.2289111054741,13.5972222222222,5.03827884125933,3.36159893174551,13.4133844320328,-3.3530108780124,4.14747572316276,-1.82618265660754,-2.20176195642553,-0.222828594652981,5.03449022590055,8174.53205790463,13513.8535384611,206.949384363036,-2845.27312338006,0.0248607200439577
20.7,185.248137934003,183.349507277502,1674.83,14.3512265479815,13.8888888888889,6.68727931159329,3.8864319900841,13.2973780620741,-3.74607614607747,6.13568684150919,-1.94501235537855,-1.81382979124815,0.332871165762267,6.6737959041268,8234.90604712623,13240.85655944,326.13958241651,-2930.99782907072,0.0324289377693532
20.8,185.676847319892,184.672710276988,1674.41,14.3898727896642,14.0777777777778,7.93944777112867,4.6340510258937,13.0223252039187,-4.00163170163285,7.6837749429449,-1.85688400393401,-0.739199115655697,0.999596078240884,7.88408261946958,8216.87556465714,12948.6511888106,840.535396537957,-2974.64114691787,0.0380370405234842
20.9,186.159153088813,185.906956771449,1673.98,14.5425432615175,14.0416666666667,9.02740154985224,5.4601601878824,12.9191951230369,-3.84273504273631,8.69439748796057,-2.16399903440312,1.10387464991357,1.05028255203999,8.97417916265447,8438.60316144754,12643.5304615382,1072.30543761225,-2962.15242310068,0.0423957845862316
21,186.794588449538,187.219048170337,1673.62,14.6448207955491,14.3111111111111,10.0030517222209,6.36810216461692,12.6706417936786,-3.6568958818969,8.9542287612994,-3.51558068515042,2.74290420794129,0.167039592404919,10.0024991161151,8564.36502852416,12347.1907132863,240.462375903264,-2830.85933166991,0.0466341247960523
21.1,187.475966347274,188.453307125452,1673.31,14.632786393573,14.3833333333333,11.2471315757822,7.24397247351316,12.2768154829806,-3.30501165501224,8.9485468594673,-5.7531107697353,3.65009510260088,-1.22126153014256,11.1912811527493,8566.26148058086,12070.0044755243,-1143.03146008132,-2598.29270151711,0.0522170355901627
21.2,188.203281379795,189.654205983883,1672.98,14.5024506048721,14.4333333333333,12.7510305133327,8.15380778972443,11.6360679142284,-2.90489510489601,8.95226963301908,-8.25506846130704,3.78146694667566,-2.34761814629008,12.5914718884975,8420.9975853795,11823.7528951048,-2246.09305876766,-2307.13603501368,0.0595901057888051
21.3,189.068415984042,190.855114080345,1672.72,14.2214523731329,14.6027777777778,14.1064229233961,9.00341478903954,10.7070107312405,-2.55893550893616,8.92915550358797,-10.4411017590534,3.20074112410709,-2.78386390814097,13.9115814146099,8094.95712616452,11612.5337622375,-2708.00781051335,-2027.21169706763,0.0683758764949277
21.4,190.063713866478,191.82251664519,1672.42,13.8250561918831,14.475,14.4065314509086,9.81855601594613,9.46106627508076,-2.28393550893697,8.76979808638112,-11.2208358483185,2.17523167391831,-1.8099316470041,14.312850675511,7653.33600785069,11427.5478041955,-1895.65613995212,-1826.67706945758,0.0747774971085603
21.5,191.043707171364,192.712089786919,1672.25,13.7231593883214,14.2222222222222,13.4510013328473,10.7636187332955,8.24065454099936,-2.13570318570503,8.55294816893661,-10.3661687802024,0.564853340347655,0.395703210363939,13.4509222749553,7544.49697150569,11249.623216783,44.5087063282242,-1728.08412016912,0.0713934541564369
21.6,192.176832491803,193.468234847542,1672.05,13.8928491744981,14.0916666666667,11.4212821515176,11.642144142986,7.2849589038032,-2.09788267288404,7.95591785562638,-8.13087710971867,-1.01877106640954,2.55729394240138,11.2406472216387,7742.39393883199,11078.5953566431,2343.52518284911,-1746.0172115998,0.057671787264563
21.7,193.340582399046,194.157663034927,1671.84,14.1700155723895,13.9944444444444,9.24845619830085,12.3183124171545,6.61358229418455,-2.30413752913905,6.87003952317443,-5.73473306442378,-2.33438122030554,3.6752887968884,8.61316803151539,8046.14914481268,10902.079384615,3879.63469400273,-1869.31338060593,0.0422673070821858
21.8,194.626839869463,194.747021822847,1671.59,14.6223309669004,14.0333333333333,7.11333324843228,12.9290689535051,6.29584612878585,-2.64840714840782,5.06603329881699,-3.83632755416617,-3.19646795943194,3.40655088211843,6.24910580704922,8550.99871543063,10704.6537062934,3851.09248739299,-2072.89219749998,0.0292059140684445
21.9,195.997311158076,195.391976794227,1671.28,15.0786874321673,14.3527777777778,5.07893331090813,13.4249421354545,6.15521861717396,-3.04155011655093,2.83439965689231,-2.42648104134655,-3.44585721086157,2.2281035836221,4.5421930785005,9075.20476870343,10489.8490069927,2507.41051004456,-2323.37010025024,0.0200737823943447
22,197.314189738944,196.070290381314,1670.99,15.195786597074,14.5555555555556,3.10593853602399,13.5739751476807,5.97942157337292,-3.30236985237029,0.829917545375588,-0.871253393658756,-2.86339109823906,1.02078725157879,2.97089024445619,9223.32362461733,10243.9998881113,1005.36814958878,-2552.32681500349,0.0127035534472936
22.1,198.631069454814,196.615169521198,1670.61,15.0796300476842,14.6333333333333,2.72763241590217,13.4934810650793,5.70164544479647,-3.57944832944947,-1.2279755751379,1.54526246558167,-1.88260949100166,-0.0676689728332885,2.71886555915835,9069.40222207244,9972.1554125868,-183.176748341182,-2735.82040034539,0.0119914245747583
22.2,200.016851517499,197.237885555712,1670.25,14.9128750433801,14.8916666666667,6.39909579155951,13.156612896084,5.92498976407154,-3.76721056721158,-3.78186784196895,5.00138887430797,-1.2775022126729,-1.02668153892279,6.34956436739367,8866.92213773893,9682.2550489507,-861.857274330455,-2880.44980977017,0.0284009553917261
22.3,201.326072367095,197.860601071915,1669.9,14.8992591158278,14.9527777777778,11.3481332243712,12.7532645657621,6.68108128412889,-3.83475135975186,-6.41594053092792,9.28252504235853,-1.20439346546754,-1.0194019113103,11.3454187786496,8878.32245816596,9387.78125874066,-234.262045823193,-3006.45574290429,0.0509138243820573
22.4,202.528099960814,198.416593999572,1669.49,14.9857686273466,14.7666666666667,15.8115990448835,12.1969105873038,7.84362766369279,-3.77970085470201,-8.81974760795023,13.0753966363201,-1.11924943204164,-0.0523631580708494,15.7850257792391,9030.946792206,9099.98467132858,1305.16478864405,-3088.4195426012,0.0704069230864089
22.5,203.69183786357,199.250569470974,1669.06,15.0444518654637,14.775,18.1126081735669,11.1036069053471,9.33359092312744,-3.99118104118265,-10.9218690034069,14.3732139526627,-1.47988952039081,1.2488368711641,18.0490257988285,9081.76079085869,8780.00945454514,2010.79052157797,-3201.1773570017,0.0798350308762466
22.6,204.778999816652,200.473721509319,1668.7,15.209979286511,14.9666666666667,17.8942095081808,9.72260117886146,10.8716199108811,-4.31536519036658,-12.266863256431,12.8382701166919,-2.21486346792375,1.96350816870397,17.8445471198533,9240.97710053768,8445.96637762211,1571.20616247201,-3357.56246271227,0.0768820347173219
22.7,205.758971120806,201.607912169274,1668.32,15.5697177291829,14.9222222222222,16.2262286900435,8.50993288120706,12.2437997544606,-4.48179875680005,-12.5522599206946,9.97773888426275,-2.48515495339518,1.7010271033734,16.2065639172558,9701.81720152658,8104.58752447524,763.575246477766,-3528.61998793764,0.0665666212130879
22.8,206.509248005311,202.764333787556,1667.86,15.5827716423646,14.5222222222222,13.5135398884786,7.33841537822798,12.9919590354486,-4.49215229215292,-11.5385717699144,6.78855616464589,-1.8419085285336,0.756986303265418,13.5121628782627,9780.93692693443,7764.32458741224,16.9292221248268,-3670.99235626886,0.0555644806754377
22.9,207.037472583763,204.143124993321,1667.21,15.3311837354043,14.2888888888889,10.683998785392,6.22593313974741,13.1025377345165,-4.96048951049109,-9.86639207380685,4.06757764501667,-0.506901956930711,-0.36640523373117,10.6756158847185,9331.37690044238,7375.1625734263,-684.175459132674,-3751.12102857496,0.0454283443592835
23,207.665239895607,205.5441703339,1666.84,15.2775240123123,14.2777777777778,9.05403809109339,5.32013038493653,13.4143967015867,-5.0152680652696,-8.59466069533156,2.74913953380426,0.741380543828382,-0.822442784219231,9.03269485586554,9238.35125782066,6994.2510209786,-937.75366650747,-3739.87917648773,0.0386311083964099
23.1,208.285352528404,206.856259764219,1666.44,15.3666628370272,14.2638888888889,8.68348400352791,4.58336248568908,13.9016171422314,-4.67676767676861,-7.80971973409994,3.02782975444532,2.28985132539877,-0.287124741714473,8.68337330280985,9409.90198034108,6624.57180419557,-20.3530064649765,-3595.15318141038,0.036753384595721
23.2,208.660455162797,208.146094935386,1665.92,15.3342811341079,13.9722222222222,8.78691816381316,3.96433365237931,14.1694808301513,-4.3185703185714,-6.99611076977829,3.93855563369733,3.57101448258235,0.824994267905117,8.73285066954367,9396.65557131815,6267.24083916055,1620.91199808351,-3368.81842241658,0.0372037803264383
23.3,208.98960965747,209.591596919811,1665.25,15.3594274255426,14.1388888888889,7.60440666777614,3.28793911312795,14.4425653966751,-4.06371406371521,-5.66341148524702,3.74838783832783,3.42087119476406,1.40721013667507,7.50208059502943,9419.66646585315,5935.06372027954,2190.05263176052,-3148.35143723421,0.0316773570853688
23.4,209.295807356691,211.215023215811,1665.18,15.6307125986702,14.5416666666667,4.06511547142748,2.68203297942057,14.9150784231786,-3.8296620046631,-3.44474251350923,2.01363295970755,0.77729988758558,1.1399214542843,3.98168653245685,9787.41354870964,5643.95597202764,1261.96840376325,-3042.80567134546,0.0159709845687263
23.5,209.556063396705,212.616053859513,1664.76,15.8170002329643,14.5027777777778,2.33240365957771,2.41407213534655,15.2405377887613,-3.47501942502109,0.00577401328182096,-0.264767285484105,-2.31731995557789,0.254882396482782,2.32601322146062,10159.2728364499,5353.68973426546,20.2837439128086,-3127.41416956079,0.00926716126609964
23.6,209.831627695247,214.094918139337,1664.29,15.7323218019124,14.7444444444444,7.40206908334669,2.62906249699343,15.0147950938451,-3.89228826728908,4.73256659846371,-3.10331067635684,-4.77104841222053,-0.99051271631417,7.38024139976643,10039.920351794,5027.36660139816,-1228.86226992739,-3388.47953705995,0.0296376579352808
23.7,210.10719285484,215.629378911048,1663.93,15.4777682633538,15.075,13.489560745808,3.43903191322379,14.3088830180454,-4.79481351981507,10.306812821488,-6.37108316001205,-5.92850385391323,-1.76327455759423,13.4532911308631,9572.50016246007,4674.20660139813,-1911.59837107789,-3742.55233898963,0.0558263012797462
23.8,210.474637438027,217.086010517671,1663.55,15.4317990272123,15.2083333333333,18.8167405327365,4.65112574557267,13.5605636074766,-5.7112665112672,15.5055667440662,-9.14604168408463,-5.47695588211428,-1.33664160484857,18.8117881254162,9322.54960735883,4286.19709090858,-1099.22761613602,-4118.65882276206,0.0788157106087466
23.9,210.941610730315,218.375842838749,1662.89,15.3870106352351,15.0333333333333,22.3441059019251,6.35118714257292,12.7172483055256,-5.89017094017308,19.2290707648899,-10.9661893349339,-3.04049297741009,0.0374795118326872,22.3206531860446,9344.97984600971,3831.59848951019,1298.70903688588,-4413.78722773702,0.0943743258196251
24,211.745465612265,219.49889333053,1662.03,15.4832071818563,14.8916666666667,22.770080055021,8.46166970598655,11.5024890221845,-5.98519813519994,19.8737733470342,-11.1120538865485,0.178709499514923,2.53690438974973,22.6414934519098,9513.89729588785,3388.32369230749,3691.16158881378,-4554.92974587182,0.0943909538554634
24.1,212.77902626162,220.610846000305,1661.57,15.9351652254711,14.9805555555556,20.0897120724968,10.6146332262301,10.3633814346472,-5.81888111888237,17.3583902651918,-9.86361708278495,2.23425079194615,4.33203416367004,19.8576809277337,10142.7113397576,2940.78646153807,4674.25894728235,-4537.46057117755,0.0772540622060862
24.2,213.774302620552,221.689436113881,1661.09,16.4348387648608,14.9888888888889,14.9934279401457,12.3035574440374,9.3874436120731,-5.53193473193537,12.6568047704383,-7.58018436087577,2.67375755342267,4.2455006719533,14.7307465224836,10827.4031490294,2471.75412587364,4038.35803566216,-4385.36400345654,0.0532380212790285
24.3,215.144751261769,222.534535285059,1660.57,16.6426550537333,15.1472222222222,8.72859136066406,13.3044734701713,8.61188744721486,-5.0797979797984,7.13654672089883,-4.60516585591534,2.01257434183162,2.70782247595749,8.49338461558951,11189.3097733546,2035.54069930026,2531.83686193244,-4183.68143511555,0.0299588877526655
24.4,216.599419005955,223.312919657097,1660.05,16.6426550537333,15.5027777777778,8.72859136066406,13.3044734701713,8.61188744721486,-5.0797979797984,7.13654672089883,-4.60516585591534,2.01257434183162,2.70782247595749,8.49338461558951,11109.584993295,1642.00648950986,2531.83686193244,-4183.68143511555,0.0299588877526655
24.5,217.946899187601,224.080181523809,1659.49,16.6426550537333,15.7222222222222,8.72859136066406,13.3044734701713,8.61188744721486,-5.0797979797984,7.13654672089883,-4.60516585591534,2.01257434183162,2.70782247595749,8.49338461558951,11050.886120735,1251.911496503,2531.83686193244,-4183.68143511555,0.0299588877526655
24.6,219.210160071515,224.769604246456,1658.9,16.6426550537333,15.7638888888889,8.72859136066406,13.3044734701713,8.61188744721486,-5.0797979797984,7.13654672089883,-4.60516585591534,2.01257434183162,2.70782247595749,8.49338461558951,11025.038608375,855.029538461159,2531.83686193244,-4183.68143511555,0.0299588877526655
24.7,220.450455849511,225.459032363614,1658.53,16.6426550537333,15.8361111111111,8.72859136066406,13.3044734701713,8.61188744721486,-5.0797979797984,7.13654672089883,-4.60516585591534,2.01257434183162,2.70782247595749,8.49338461558951,11044.3376152408,441.134433566334,2531.83686193244,-4183.68143511555,0.0299588877526655
24.8,221.652469127254,226.015021073908,1657.93,16.6426550537333,15.9388888888889,8.72859136066406,13.3044734701713,8.61188744721486,-5.0797979797984,7.13654672089883,-4.60516585591534,2.01257434183162,2.70782247595749,8.49338461558951,11124.1712293873,0,2531.83686193244,-4183.68143511555,0.0299588877526655
